index,head,tail_bits,x_bits,z_bits
0,I,32,64,0
1,I,65536,0,64
2,I,65568,64,64
3,X,0,1,0
4,X,32,65,0
5,X,65536,1,64
6,X,65568,65,64
7,Z,0,0,1
8,Z,32,64,1
9,Z,65536,0,65
10,Z,65568,64,65
11,Y,0,1,1
12,Y,32,65,1
13,Y,65536,1,65
14,Y,65568,65,65
15,I,1152,2304,0
16,I,2162688,0,2112
17,I,2163840,2304,2112
18,I,18,36,0
19,I,1170,2340,0
20,I,2162706,36,2112
21,I,2163858,2340,2112
22,Z,32768,0,33
23,Z,33920,2304,33
24,Z,2195456,0,2145
25,Z,2196608,2304,2145
26,Z,32786,36,33
27,Z,33938,2340,33
28,Z,2195474,36,2145
29,Z,2196626,2340,2145
30,I,768,1536,0
31,I,851968,0,832
32,I,852736,1536,832
33,I,12,24,0
34,I,780,1560,0
35,I,851980,24,832
36,I,852748,1560,832
37,Z,12288,0,13
38,Z,13056,1536,13
39,Z,864256,0,845
40,Z,865024,1536,845
41,Z,12300,24,13
42,Z,13068,1560,13
43,Z,864268,24,845
44,Z,865036,1560,845
45,I,1248,2496,0
46,I,3342336,0,3264
47,I,3343584,2496,3264
48,X,19,39,0
49,X,1267,2535,0
50,X,3342355,39,3264
51,X,3343603,2535,3264
52,Z,51200,0,51
53,Z,52448,2496,51
54,Z,3393536,0,3315
55,Z,3394784,2496,3315
56,Y,51219,39,51
57,Y,52467,2535,51
58,Y,3393555,39,3315
59,Y,3394803,2535,3315
60,I,800,1600,0
61,I,786432,0,768
62,I,787232,1600,768
63,X,12,25,0
64,X,812,1625,0
65,X,786444,25,768
66,X,787244,1625,768
67,I,12288,0,12
68,I,13088,1600,12
69,I,798720,0,780
70,I,799520,1600,780
71,X,12300,25,12
72,X,13100,1625,12
73,X,798732,25,780
74,X,799532,1625,780
75,I,96,192,0
76,I,1179648,0,1152
77,I,1179744,192,1152
78,X,1,3,0
79,X,97,195,0
80,X,1179649,3,1152
81,X,1179745,195,1152
82,I,18432,0,18
83,I,18528,192,18
84,I,1198080,0,1170
85,I,1198176,192,1170
86,X,18433,3,18
87,X,18529,195,18
88,X,1198081,3,1170
89,X,1198177,195,1170
90,I,1600,3200,0
91,I,655360,0,640
92,I,656960,3200,640
93,I,25,50,0
94,I,1625,3250,0
95,I,655385,50,640
96,I,656985,3250,640
97,I,10240,0,10
98,I,11840,3200,10
99,I,665600,0,650
100,I,667200,3200,650
101,I,10265,50,10
102,I,11865,3250,10
103,I,665625,50,650
104,I,667225,3250,650
105,I,128,256,0
106,I,2424832,0,2368
107,I,2424960,256,2368
108,I,2,4,0
109,I,130,260,0
110,I,2424834,4,2368
111,I,2424962,260,2368
112,Z,36864,0,37
113,Z,36992,256,37
114,Z,2461696,0,2405
115,Z,2461824,256,2405
116,Z,36866,4,37
117,Z,36994,260,37
118,Z,2461698,4,2405
119,Z,2461826,260,2405
120,I,512,1024,0
121,I,1900544,0,1856
122,I,1901056,1024,1856
123,I,8,16,0
124,I,520,1040,0
125,I,1900552,16,1856
126,I,1901064,1040,1856
127,Z,28672,0,29
128,Z,29184,1024,29
129,Z,1929216,0,1885
130,Z,1929728,1024,1885
131,Z,28680,16,29
132,Z,29192,1040,29
133,Z,1929224,16,1885
134,Z,1929736,1040,1885
135,I,1312,2624,0
136,I,1376256,0,1344
137,I,1377568,2624,1344
138,X,20,41,0
139,X,1332,2665,0
140,X,1376276,41,1344
141,X,1377588,2665,1344
142,Z,20480,0,21
143,Z,21792,2624,21
144,Z,1396736,0,1365
145,Z,1398048,2624,1365
146,Y,20500,41,21
147,Y,21812,2665,21
148,Y,1396756,41,1365
149,Y,1398068,2665,1365
150,I,1088,2176,0
151,I,1507328,0,1472
152,I,1508416,2176,1472
153,I,17,34,0
154,I,1105,2210,0
155,I,1507345,34,1472
156,I,1508433,2210,1472
157,Z,22528,0,23
158,Z,23616,2176,23
159,Z,1529856,0,1495
160,Z,1530944,2176,1495
161,Z,22545,34,23
162,Z,23633,2210,23
163,Z,1529873,34,1495
164,Z,1530961,2210,1495
165,I,1440,2880,0
166,I,3145728,0,3072
167,I,3147168,2880,3072
168,X,22,45,0
169,X,1462,2925,0
170,X,3145750,45,3072
171,X,3147190,2925,3072
172,I,49152,0,48
173,I,50592,2880,48
174,I,3194880,0,3120
175,I,3196320,2880,3120
176,X,49174,45,48
177,X,50614,2925,48
178,X,3194902,45,3120
179,X,3196342,2925,3120
180,I,448,896,0
181,I,3735552,0,3648
182,I,3736000,896,3648
183,I,7,14,0
184,I,455,910,0
185,I,3735559,14,3648
186,I,3736007,910,3648
187,Z,57344,0,57
188,Z,57792,896,57
189,Z,3792896,0,3705
190,Z,3793344,896,3705
191,Z,57351,14,57
192,Z,57799,910,57
193,Z,3792903,14,3705
194,Z,3793351,910,3705
195,I,1888,3776,0
196,I,2686976,0,2624
197,I,2688864,3776,2624
198,X,29,59,0
199,X,1917,3835,0
200,X,2687005,59,2624
201,X,2688893,3835,2624
202,Z,40960,0,41
203,Z,42848,3776,41
204,Z,2727936,0,2665
205,Z,2729824,3776,2665
206,Y,40989,59,41
207,Y,42877,3835,41
208,Y,2727965,59,2665
209,Y,2729853,3835,2665
210,I,1472,2944,0
211,I,983040,0,960
212,I,984512,2944,960
213,I,23,46,0
214,I,1495,2990,0
215,I,983063,46,960
216,I,984535,2990,960
217,Z,14336,0,15
218,Z,15808,2944,15
219,Z,997376,0,975
220,Z,998848,2944,975
221,Z,14359,46,15
222,Z,15831,2990,15
223,Z,997399,46,975
224,Z,998871,2990,975
225,I,1632,3264,0
226,I,1310720,0,1280
227,I,1312352,3264,1280
228,X,25,51,0
229,X,1657,3315,0
230,X,1310745,51,1280
231,X,1312377,3315,1280
232,I,20480,0,20
233,I,22112,3264,20
234,I,1331200,0,1300
235,I,1332832,3264,1300
236,X,20505,51,20
237,X,22137,3315,20
238,X,1331225,51,1300
239,X,1332857,3315,1300
240,I,1024,2048,0
241,I,3538944,0,3456
242,I,3539968,2048,3456
243,I,16,32,0
244,I,1040,2080,0
245,I,3538960,32,3456
246,I,3539984,2080,3456
247,I,55296,0,54
248,I,56320,2048,54
249,I,3594240,0,3510
250,I,3595264,2048,3510
251,I,55312,32,54
252,I,56336,2080,54
253,I,3594256,32,3510
254,I,3595280,2080,3510
255,I,256,512,0
256,I,3997696,0,3904
257,I,3997952,512,3904
258,I,4,8,0
259,I,260,520,0
260,I,3997700,8,3904
261,I,3997956,520,3904
262,Z,61440,0,61
263,Z,61696,512,61
264,Z,4059136,0,3965
265,Z,4059392,512,3965
266,Z,61444,8,61
267,Z,61700,520,61
268,Z,4059140,8,3965
269,Z,4059396,520,3965
270,I,832,1664,0
271,I,2883584,0,2816
272,I,2884416,1664,2816
273,I,13,26,0
274,I,845,1690,0
275,I,2883597,26,2816
276,I,2884429,1690,2816
277,I,45056,0,44
278,I,45888,1664,44
279,I,2928640,0,2860
280,I,2929472,1664,2860
281,I,45069,26,44
282,I,45901,1690,44
283,I,2928653,26,2860
284,I,2929485,1690,2860
285,I,64,128,0
286,I,4063232,0,3968
287,I,4063296,128,3968
288,I,1,2,0
289,I,65,130,0
290,I,4063233,2,3968
291,I,4063297,130,3968
292,I,63488,0,62
293,I,63552,128,62
294,I,4126720,0,4030
295,I,4126784,128,4030
296,I,63489,2,62
297,I,63553,130,62
298,I,4126721,2,4030
299,I,4126785,130,4030
300,I,1184,2368,0
301,I,4128768,0,4032
302,I,4129952,2368,4032
303,X,18,37,0
304,X,1202,2405,0
305,X,4128786,37,4032
306,X,4129970,2405,4032
307,Z,63488,0,63
308,Z,64672,2368,63
309,Z,4192256,0,4095
310,Z,4193440,2368,4095
311,Y,63506,37,63
312,Y,64690,2405,63
313,Y,4192274,37,4095
314,Y,4193458,2405,4095
315,I,1920,3840,0
316,I,1966080,0,1920
317,I,1968000,3840,1920
318,I,30,60,0
319,I,1950,3900,0
320,I,1966110,60,1920
321,I,1968030,3900,1920
322,I,30720,0,30
323,I,32640,3840,30
324,I,1996800,0,1950
325,I,1998720,3840,1950
326,I,30750,60,30
327,I,32670,3900,30
328,I,1996830,60,1950
329,I,1998750,3900,1950
330,I,2016,4032,0
331,I,1245184,0,1216
332,I,1247200,4032,1216
333,X,31,63,0
334,X,2047,4095,0
335,X,1245215,63,1216
336,X,1247231,4095,1216
337,Z,18432,0,19
338,Z,20448,4032,19
339,Z,1263616,0,1235
340,Z,1265632,4032,1235
341,Y,18463,63,19
342,Y,20479,4095,19
343,Y,1263647,63,1235
344,Y,1265663,4095,1235
345,I,1984,3968,0
346,I,2097152,0,2048
347,I,2099136,3968,2048
348,I,31,62,0
349,I,2015,4030,0
350,I,2097183,62,2048
351,I,2099167,4030,2048
352,I,32768,0,32
353,I,34752,3968,32
354,I,2129920,0,2080
355,I,2131904,3968,2080
356,I,32799,62,32
357,I,34783,4030,32
358,I,2129951,62,2080
359,I,2131935,4030,2080
360,I,480,960,0
361,I,3670016,0,3584
362,I,3670496,960,3584
363,X,7,15,0
364,X,487,975,0
365,X,3670023,15,3584
366,X,3670503,975,3584
367,I,57344,0,56
368,I,57824,960,56
369,I,3727360,0,3640
370,I,3727840,960,3640
371,X,57351,15,56
372,X,57831,975,56
373,X,3727367,15,3640
374,X,3727847,975,3640
375,I,992,1984,0
376,I,524288,0,512
377,I,525280,1984,512
378,X,15,31,0
379,X,1007,2015,0
380,X,524303,31,512
381,X,525295,2015,512
382,I,8192,0,8
383,I,9184,1984,8
384,I,532480,0,520
385,I,533472,1984,520
386,X,8207,31,8
387,X,9199,2015,8
388,X,532495,31,520
389,X,533487,2015,520
390,I,1728,3456,0
391,I,131072,0,128
392,I,132800,3456,128
393,I,27,54,0
394,I,1755,3510,0
395,I,131099,54,128
396,I,132827,3510,128
397,I,2048,0,2
398,I,3776,3456,2
399,I,133120,0,130
400,I,134848,3456,130
401,I,2075,54,2
402,I,3803,3510,2
403,I,133147,54,130
404,I,134875,3510,130
405,I,640,1280,0
406,I,2555904,0,2496
407,I,2556544,1280,2496
408,I,10,20,0
409,I,650,1300,0
410,I,2555914,20,2496
411,I,2556554,1300,2496
412,Z,38912,0,39
413,Z,39552,1280,39
414,Z,2594816,0,2535
415,Z,2595456,1280,2535
416,Z,38922,20,39
417,Z,39562,1300,39
418,Z,2594826,20,2535
419,Z,2595466,1300,2535
420,I,1824,3648,0
421,I,3801088,0,3712
422,I,3802912,3648,3712
423,X,28,57,0
424,X,1852,3705,0
425,X,3801116,57,3712
426,X,3802940,3705,3712
427,I,59392,0,58
428,I,61216,3648,58
429,I,3860480,0,3770
430,I,3862304,3648,3770
431,X,59420,57,58
432,X,61244,3705,58
433,X,3860508,57,3770
434,X,3862332,3705,3770
435,I,352,704,0
436,I,3080192,0,3008
437,I,3080544,704,3008
438,X,5,11,0
439,X,357,715,0
440,X,3080197,11,3008
441,X,3080549,715,3008
442,Z,47104,0,47
443,Z,47456,704,47
444,Z,3127296,0,3055
445,Z,3127648,704,3055
446,Y,47109,11,47
447,Y,47461,715,47
448,Y,3127301,11,3055
449,Y,3127653,715,3055
450,I,1280,2560,0
451,I,2490368,0,2432
452,I,2491648,2560,2432
453,I,20,40,0
454,I,1300,2600,0
455,I,2490388,40,2432
456,I,2491668,2600,2432
457,I,38912,0,38
458,I,40192,2560,38
459,I,2529280,0,2470
460,I,2530560,2560,2470
461,I,38932,40,38
462,I,40212,2600,38
463,I,2529300,40,2470
464,I,2530580,2600,2470
465,I,192,384,0
466,I,1769472,0,1728
467,I,1769664,384,1728
468,I,3,6,0
469,I,195,390,0
470,I,1769475,6,1728
471,I,1769667,390,1728
472,Z,26624,0,27
473,Z,26816,384,27
474,Z,1796096,0,1755
475,Z,1796288,384,1755
476,Z,26627,6,27
477,Z,26819,390,27
478,Z,1796099,6,1755
479,Z,1796291,390,1755
480,I,1696,3392,0
481,I,2228224,0,2176
482,I,2229920,3392,2176
483,X,26,53,0
484,X,1722,3445,0
485,X,2228250,53,2176
486,X,2229946,3445,2176
487,I,34816,0,34
488,I,36512,3392,34
489,I,2263040,0,2210
490,I,2264736,3392,2210
491,X,34842,53,34
492,X,36538,3445,34
493,X,2263066,53,2210
494,X,2264762,3445,2210
495,I,672,1344,0
496,I,720896,0,704
497,I,721568,1344,704
498,X,10,21,0
499,X,682,1365,0
500,X,720906,21,704
501,X,721578,1365,704
502,Z,10240,0,11
503,Z,10912,1344,11
504,Z,731136,0,715
505,Z,731808,1344,715
506,Y,10250,21,11
507,Y,10922,1365,11
508,Y,731146,21,715
509,Y,731818,1365,715
510,I,928,1856,0
511,I,262144,0,256
512,I,263072,1856,256
513,X,14,29,0
514,X,942,1885,0
515,X,262158,29,256
516,X,263086,1885,256
517,I,4096,0,4
518,I,5024,1856,4
519,I,266240,0,260
520,I,267168,1856,260
521,X,4110,29,4
522,X,5038,1885,4
523,X,266254,29,260
524,X,267182,1885,260
525,I,608,1216,0
526,I,1048576,0,1024
527,I,1049184,1216,1024
528,X,9,19,0
529,X,617,1235,0
530,X,1048585,19,1024
531,X,1049193,1235,1024
532,I,16384,0,16
533,I,16992,1216,16
534,I,1064960,0,1040
535,I,1065568,1216,1040
536,X,16393,19,16
537,X,17001,1235,16
538,X,1064969,19,1040
539,X,1065577,1235,1040